name,duration,elapsed
../audio/2024-09-27-11-10-03_small.wav,       1.00,    0.1157
../audio/2024-09-27-11-10-04_small.wav,       2.00,   0.02175
../audio/2024-09-27-11-11-59_small.wav,       1.00,   0.01281
../audio/2024-09-27-11-12-00_small.wav,       2.00,   0.01672
../audio/2024-09-27-11-12-01_small.wav,       3.00,    0.0302
../audio/2024-09-27-11-12-02_small.wav,       4.00,   0.03234
../audio/2024-09-27-11-12-03_small.wav,       5.00,   0.05372
../audio/2024-09-27-11-12-04_small.wav,       6.00,   0.08109
../audio/2024-09-27-11-12-05_small.wav,       7.00,   0.06087
../audio/2024-09-27-11-12-06_small.wav,       8.00,   0.06998
../audio/2024-09-27-11-12-07_small.wav,       9.00,   0.06427
../audio/2024-09-27-11-12-08_large.wav,      10.00,   0.09102
../audio/2024-09-27-11-12-08_small.wav,      10.00,   0.06913
../audio/2024-09-27-11-12-09_large.wav,      10.73,   0.08978
../audio/2024-09-27-11-12-09_small.wav,      10.73,   0.07519
../audio/2024-09-27-11-15-29_small.wav,       1.00,  0.008518
../audio/2024-09-27-11-15-30_small.wav,       2.00,  0.008904
../audio/2024-09-27-11-15-31_small.wav,       2.50,   0.01858
../audio/2024-09-27-11-15-32_small.wav,       4.00,   0.03238
../audio/2024-09-27-11-15-33_small.wav,       5.00,    0.0402
../audio/2024-09-27-11-15-34_small.wav,       6.00,   0.04507
../audio/2024-09-27-11-15-35_small.wav,       7.00,   0.05154
../audio/2024-09-27-11-15-36_small.wav,       7.65,   0.05285
../audio/2024-09-27-11-16-24_small.wav,       0.50,  0.004843
../audio/2024-09-27-11-16-25_small.wav,       2.00,   0.01537
../audio/2024-09-27-11-16-26_small.wav,       2.50,    0.0186
../audio/2024-09-27-11-16-27_small.wav,       4.00,   0.03529
../audio/2024-09-27-11-16-28_small.wav,       4.50,   0.03239
../audio/2024-09-27-11-16-29_small.wav,       5.65,   0.04127
../audio/2024-09-27-11-21-05_small.wav,       0.50,       0.0
../audio/2024-09-27-11-21-06_small.wav,       1.00,  0.008864
../audio/2024-09-27-11-21-07_small.wav,       1.50,   0.01195
../audio/2024-09-27-11-21-08_small.wav,       2.00,   0.01607
../audio/2024-09-27-11-21-10_small.wav,       3.00,   0.02221
../audio/2024-09-27-11-21-11_small.wav,       6.00,    0.0412
../audio/2024-09-27-11-21-12_small.wav,       7.00,   0.04817
../audio/2024-09-27-11-21-13_small.wav,       8.00,   0.07918
../audio/2024-09-27-11-21-14_small.wav,       9.00,   0.06449
../audio/2024-09-27-11-21-16_small.wav,       9.50,   0.06705
../audio/2024-09-27-11-21-18_large.wav,      10.00,   0.07321
../audio/2024-09-27-11-21-18_small.wav,      10.00,   0.07458
../audio/2024-09-27-11-21-22_large.wav,      11.50,   0.08975
../audio/2024-09-27-11-21-22_small.wav,      11.50,   0.08015
../audio/2024-09-27-11-21-23_large.wav,      12.00,       0.1
../audio/2024-09-27-11-21-23_small.wav,      12.00,   0.07643
../audio/2024-09-27-11-21-30_large.wav,      13.50,    0.1072
../audio/2024-09-27-11-21-30_small.wav,      13.50,   0.09265
../audio/2024-09-27-11-21-31_large.wav,      16.00,     0.124
../audio/2024-09-27-11-21-31_small.wav,      16.00,    0.1099
../audio/2024-09-27-11-21-48_small.wav,       9.00,   0.06969
../audio/2024-09-27-11-21-49_large.wav,      18.00,    0.1326
../audio/2024-09-27-11-21-49_small.wav,      18.00,    0.1198
../audio/2024-09-27-11-21-50_large.wav,      21.00,    0.1505
../audio/2024-09-27-11-21-50_small.wav,      21.00,    0.1673
../audio/2024-09-27-11-21-51_large.wav,      22.00,    0.1572
../audio/2024-09-27-11-21-51_small.wav,      22.00,    0.1551
../audio/2024-09-27-11-21-52_large.wav,      23.00,     0.168
../audio/2024-09-27-11-21-52_small.wav,      23.00,     0.156
../audio/2024-09-27-11-21-53_large.wav,      24.00,    0.1701
../audio/2024-09-27-11-21-53_small.wav,      24.00,    0.1728
../audio/2024-09-27-11-21-54_large.wav,      25.00,    0.1781
../audio/2024-09-27-11-21-54_small.wav,      25.50,    0.1737
../audio/2024-09-27-11-21-55_large.wav,      27.00,    0.2052
../audio/2024-09-27-11-21-55_small.wav,      27.50,    0.2167
../audio/2024-09-27-11-21-56_large.wav,      29.00,    0.2253
../audio/2024-09-27-11-21-56_small.wav,      29.50,    0.2648
../audio/2024-09-27-11-21-57_large.wav,      31.00,     0.251
../audio/2024-09-27-11-21-57_small.wav,      31.00,    0.2213
../audio/2024-09-27-11-21-58_large.wav,      33.00,      0.28
../audio/2024-09-27-11-21-58_small.wav,      33.00,    0.2671
../audio/2024-09-27-11-21-59_large.wav,      34.50,    0.2803
../audio/2024-09-27-11-21-59_small.wav,      34.50,    0.2799
../audio/2024-09-27-11-24-26_small.wav,       0.50,  0.008509
../audio/2024-09-27-11-24-32_small.wav,       1.00,  0.008981
../audio/2024-09-27-11-24-33_small.wav,       1.50,    0.0113
../audio/2024-09-27-11-24-34_small.wav,       3.00,   0.02124
../audio/2024-09-27-11-24-35_small.wav,       4.00,   0.03034
../audio/2024-09-27-11-24-36_small.wav,       5.00,   0.03593
../audio/2024-09-27-11-24-37_small.wav,       6.00,   0.04837
../audio/2024-09-27-11-24-38_small.wav,       7.00,   0.04168
../audio/2024-09-27-11-24-39_small.wav,       8.00,   0.05107
../audio/2024-09-27-11-24-40_small.wav,       9.00,   0.05433
../audio/2024-09-27-11-24-41_large.wav,      10.00,   0.06992
../audio/2024-09-27-11-24-41_small.wav,      10.00,   0.07098
../audio/2024-09-27-11-24-42_small.wav,      11.50,   0.07651
../audio/2024-09-27-11-24-43_large.wav,      11.50,   0.07384
../audio/2024-09-27-11-24-44_large.wav,      13.00,   0.09004
../audio/2024-09-27-11-24-44_small.wav,      13.00,   0.08326
../audio/2024-09-27-11-24-45_small.wav,      14.50,    0.1079
../audio/2024-09-27-11-24-46_large.wav,      14.50,   0.09353
../audio/2024-09-27-11-24-47_large.wav,      16.00,    0.1122
../audio/2024-09-27-11-24-47_small.wav,      16.00,    0.1071
../audio/2024-09-27-11-24-48_small.wav,      17.50,      0.12
../audio/2024-09-27-11-24-49_large.wav,      17.50,    0.1189
../audio/2024-09-27-12-40-05_small.wav,       0.50,  0.004517
../audio/2024-09-27-12-40-06_small.wav,       1.00,  0.008945
../audio/2024-09-27-12-40-08_small.wav,       1.50,   0.01081
../audio/2024-09-27-12-40-09_small.wav,       2.00,  0.008871
../audio/2024-09-27-12-40-10_small.wav,       3.00,   0.02105
../audio/2024-09-27-12-40-12_small.wav,       4.50,   0.03702
../audio/2024-09-27-12-40-13_small.wav,       5.50,   0.03986
../audio/2024-09-27-12-40-14_small.wav,       7.00,   0.04982
../audio/2024-09-27-12-40-16_small.wav,       9.00,    0.0641
../audio/2024-09-27-12-40-17_small.wav,      10.00,   0.07019
../audio/2024-09-27-12-40-18_large.wav,      10.00,    0.0618
../audio/2024-09-27-12-40-19_small.wav,       2.00,   0.01814
../audio/2024-09-27-12-40-20_small.wav,       3.00,    0.0208
../audio/2024-09-27-12-40-21_small.wav,       4.00,   0.02976
../audio/2024-09-27-12-40-22_small.wav,       5.00,   0.03714
../audio/2024-09-27-12-40-23_small.wav,       6.00,   0.03716
../audio/2024-09-27-12-40-24_small.wav,       7.00,   0.04624
../audio/2024-09-27-12-40-25_small.wav,       8.00,   0.05198
../audio/2024-09-27-12-40-26_small.wav,       9.00,   0.06198
../audio/2024-09-27-12-40-27_small.wav,      10.00,   0.06802
../audio/2024-09-27-12-40-28_large.wav,      10.00,    0.0678
../audio/2024-09-27-12-40-29_small.wav,       2.00,    0.0176
../audio/2024-09-27-12-40-30_small.wav,       3.00,   0.02155
../audio/2024-09-27-12-40-31_small.wav,       4.00,   0.02986
../audio/2024-09-27-12-40-32_small.wav,       5.00,   0.03542
../audio/2024-09-27-12-40-33_small.wav,       6.00,   0.04975
../audio/2024-09-27-12-40-34_small.wav,       7.00,   0.05317
../audio/2024-09-27-12-40-35_small.wav,       8.00,   0.05164
../audio/2024-09-27-12-40-36_small.wav,       9.00,   0.07296
../audio/2024-09-27-12-40-37_small.wav,      10.00,   0.05997
../audio/2024-09-27-12-40-38_large.wav,      10.00,   0.06995
../audio/2024-09-27-12-40-39_small.wav,       2.00,   0.01581
../audio/2024-09-27-12-40-40_small.wav,       3.00,   0.02139
../audio/2024-09-27-12-40-41_small.wav,       4.00,   0.02659
../audio/2024-09-27-12-40-42_small.wav,       5.00,   0.03408
../audio/2024-09-27-12-40-43_small.wav,       6.00,   0.04143
../audio/2024-09-27-12-40-44_small.wav,       7.00,   0.04065
../audio/2024-09-27-12-40-45_small.wav,       8.00,   0.05127
../audio/2024-09-27-12-40-46_small.wav,       9.00,   0.05953
../audio/2024-09-27-12-40-47_small.wav,      10.00,   0.07034
../audio/2024-09-27-12-40-48_large.wav,      10.00,   0.06492
../audio/2024-09-27-12-40-49_small.wav,       1.50,   0.01299
../audio/2024-09-27-12-40-50_small.wav,       2.50,    0.0183
../audio/2024-09-27-12-40-51_small.wav,       3.50,   0.02417
../audio/2024-09-27-12-40-52_small.wav,       4.50,   0.02627
../audio/2024-09-27-12-40-53_small.wav,       5.50,   0.04397
../audio/2024-09-27-12-40-54_small.wav,       6.50,   0.04033
../audio/2024-09-27-12-40-55_small.wav,       7.50,   0.05849
../audio/2024-09-27-12-40-56_small.wav,       8.50,    0.0587
../audio/2024-09-27-12-40-57_small.wav,       9.50,   0.06253
../audio/2024-09-27-12-40-58_small.wav,      10.50,   0.07269
../audio/2024-09-27-12-40-59_large.wav,      10.50,   0.07039
../audio/2024-09-27-12-41-00_small.wav,       2.00,   0.01485
../audio/2024-09-27-12-41-01_small.wav,       3.00,   0.02097
../audio/2024-09-27-12-41-02_small.wav,       4.00,   0.02913
../audio/2024-09-27-12-41-03_small.wav,       5.00,   0.03436
../audio/2024-09-27-12-41-04_small.wav,       6.00,   0.03249
../audio/2024-09-27-12-41-05_small.wav,       7.00,   0.04699
../audio/2024-09-27-12-41-06_small.wav,       8.00,   0.05631
../audio/2024-09-27-12-41-07_small.wav,       9.00,   0.06478
../audio/2024-09-27-12-41-08_large.wav,      10.00,   0.07425
../audio/2024-09-27-12-41-08_small.wav,      10.00,   0.06988
../audio/2024-09-27-12-41-10_small.wav,       2.00,   0.01668
../audio/2024-09-27-12-41-11_small.wav,       3.00,   0.02288
../audio/2024-09-27-12-41-12_small.wav,       4.00,   0.03015
../audio/2024-09-27-12-41-13_small.wav,       5.00,   0.03481
../audio/2024-09-27-12-41-14_small.wav,       6.00,   0.04477
../audio/2024-09-27-12-41-15_small.wav,       7.00,   0.04997
../audio/2024-09-27-12-41-16_small.wav,       8.00,   0.05154
../audio/2024-09-27-12-41-17_small.wav,       9.00,   0.06078
../audio/2024-09-27-12-41-18_small.wav,      10.00,   0.06325
../audio/2024-09-27-12-41-19_large.wav,      10.00,   0.07003
../audio/2024-09-27-12-41-20_small.wav,       2.00,   0.02517
../audio/2024-09-27-12-41-21_small.wav,       3.00,   0.01899
../audio/2024-09-27-12-41-22_small.wav,       4.00,   0.03439
../audio/2024-09-27-12-41-23_small.wav,       5.00,   0.03998
../audio/2024-09-27-12-41-24_small.wav,       6.00,   0.04472
../audio/2024-09-27-12-41-25_small.wav,       7.00,   0.04643
../audio/2024-09-27-12-41-26_small.wav,       8.00,   0.05774
../audio/2024-09-27-12-41-27_small.wav,       9.00,   0.06501
../audio/2024-09-27-12-41-28_large.wav,      10.00,   0.06571
../audio/2024-09-27-12-41-28_small.wav,      10.00,   0.06987
../audio/2024-09-27-12-41-30_small.wav,       2.00,   0.01716
../audio/2024-09-27-12-41-31_small.wav,       3.00,   0.02163
../audio/2024-09-27-12-41-32_small.wav,       4.00,   0.03067
../audio/2024-09-27-13-01-40_small.wav,       0.50,       0.0
../audio/2024-09-27-13-01-43_small.wav,       3.00,   0.02133
../audio/2024-09-27-13-01-45_small.wav,       5.00,   0.03494
../audio/2024-09-27-13-01-46_small.wav,       6.00,   0.03979
../audio/2024-09-27-13-01-47_small.wav,       7.50,   0.05103
../audio/2024-09-27-13-01-48_small.wav,       8.50,   0.06494
../audio/2024-09-27-13-01-49_small.wav,       9.50,   0.06544
../audio/2024-09-27-13-01-50_small.wav,      10.50,   0.08557
../audio/2024-09-27-13-01-51_large.wav,      10.50,   0.07577
../audio/2024-09-27-13-01-53_small.wav,       2.50,   0.01943
../audio/2024-09-27-13-01-54_small.wav,       4.00,   0.03353
../audio/2024-09-27-13-01-55_small.wav,       4.13,    0.0338
../audio/2024-09-27-13-31-26_small.wav,       0.50,  0.005611
../audio/2024-09-27-13-31-27_small.wav,       1.50,   0.01046
../audio/2024-09-27-13-31-28_small.wav,       2.50,   0.01382
../audio/2024-09-27-13-31-30_small.wav,       4.00,   0.03357
../audio/2024-09-27-13-31-31_small.wav,       5.50,   0.04665
../audio/2024-09-27-13-31-32_small.wav,       6.50,   0.05275
../audio/2024-09-27-13-31-33_small.wav,       7.50,   0.04906
../audio/2024-09-27-13-31-34_small.wav,       8.50,   0.06001
../audio/2024-09-27-13-31-37_small.wav,      11.50,   0.07865
../audio/2024-09-27-13-31-38_large.wav,      11.50,   0.08043
../audio/2024-09-27-13-31-39_small.wav,       2.00,   0.01984
../audio/2024-09-27-13-31-40_small.wav,       3.00,   0.02873
../audio/2024-09-27-13-31-41_small.wav,       4.00,   0.03245
../audio/2024-09-27-13-31-42_small.wav,       5.00,   0.03661
../audio/2024-09-27-13-31-43_small.wav,       6.00,   0.04646
../audio/2024-09-27-13-31-44_small.wav,       7.00,   0.05045
../audio/2024-09-27-13-31-45_small.wav,       8.00,   0.05653
../audio/2024-09-27-13-31-46_small.wav,       9.00,   0.06168
../audio/2024-09-27-13-31-47_small.wav,      10.00,   0.09033
../audio/2024-09-27-13-31-48_large.wav,      10.00,   0.06984
../audio/2024-09-27-13-31-50_small.wav,       2.50,   0.02956
../audio/2024-09-27-13-31-51_small.wav,       3.50,   0.02757
../audio/2024-09-27-13-31-52_small.wav,       4.50,   0.03334
../audio/2024-09-27-13-31-53_small.wav,       5.50,   0.03992
../audio/2024-09-27-13-31-54_small.wav,       6.50,   0.04632
../audio/2024-09-27-13-31-55_small.wav,       7.50,   0.06089
../audio/2024-09-27-13-31-56_small.wav,       8.50,   0.05771
../audio/2024-09-27-13-31-57_small.wav,       9.50,   0.06502
../audio/2024-09-27-13-31-58_large.wav,      10.50,   0.07602
../audio/2024-09-27-13-31-58_small.wav,      10.50,   0.07004
../audio/2024-09-27-13-32-00_small.wav,       2.00,   0.01199
../audio/2024-09-27-13-32-01_small.wav,       3.00,   0.02135
../audio/2024-09-27-13-32-02_small.wav,       4.00,   0.03689
../audio/2024-09-27-13-32-03_small.wav,       5.00,   0.04127
../audio/2024-09-27-13-32-10_large.wav,      12.00,   0.08153
../audio/2024-09-27-13-32-10_small.wav,      12.00,   0.07787
../audio/2024-09-27-13-48-57_small.wav,       0.50,       0.0
../audio/2024-09-27-13-48-58_small.wav,       1.50,   0.01383
../audio/2024-09-27-13-48-59_small.wav,       2.50,   0.01722
../audio/2024-09-27-13-49-02_small.wav,       5.00,   0.03556
../audio/2024-09-27-13-49-03_small.wav,       6.50,   0.05211
../audio/2024-09-27-13-49-05_small.wav,       8.00,   0.05197
../audio/2024-09-27-13-49-06_small.wav,       9.00,   0.06172
../audio/2024-09-27-13-49-07_large.wav,      10.00,   0.05887
../audio/2024-09-27-13-49-07_small.wav,      10.00,   0.07174
../audio/2024-09-27-13-49-09_small.wav,       2.00,   0.01691
../audio/2024-09-27-13-49-10_small.wav,       3.00,   0.02146
../audio/2024-09-27-13-49-11_small.wav,       4.00,   0.02722
../audio/2024-09-27-13-49-12_small.wav,       5.00,   0.03697
../audio/2024-09-27-13-49-13_small.wav,       6.00,   0.04316
../audio/2024-09-27-13-49-14_small.wav,       7.00,   0.04928
../audio/2024-09-27-13-49-15_small.wav,       8.00,   0.06182
../audio/2024-09-27-13-49-16_small.wav,       9.00,   0.06191
../audio/2024-09-27-13-49-17_large.wav,      10.00,   0.07012
../audio/2024-09-27-13-49-17_small.wav,      10.00,   0.07246
../audio/2024-09-27-13-49-19_small.wav,       2.00,   0.01415
../audio/2024-09-27-13-49-20_small.wav,       3.00,   0.02555
../audio/2024-09-27-13-49-21_small.wav,       4.00,    0.0295
../audio/2024-09-27-13-49-22_small.wav,       5.00,   0.03555
../audio/2024-09-27-13-49-23_small.wav,       6.00,   0.03996
../audio/2024-09-27-13-49-24_small.wav,       7.00,   0.05001
../audio/2024-09-27-13-53-25_small.wav,       0.50,       0.0
../audio/2024-09-27-13-53-27_small.wav,       2.00,   0.01403
../audio/2024-09-27-13-53-28_small.wav,       3.50,   0.02495
../audio/2024-09-27-13-53-29_small.wav,       4.50,   0.03379
../audio/2024-09-27-13-53-31_small.wav,       6.00,   0.03818
../audio/2024-09-27-13-53-32_small.wav,       7.00,   0.05003
../audio/2024-09-27-13-53-33_small.wav,       8.50,   0.07328
../audio/2024-09-27-13-53-34_small.wav,       9.50,   0.06618
../audio/2024-09-27-13-53-35_small.wav,      10.50,   0.08011
../audio/2024-09-27-13-53-36_large.wav,      10.50,   0.08021
../audio/2024-09-27-13-53-38_small.wav,       2.50,   0.01355
../audio/2024-09-27-13-53-39_small.wav,       3.50,   0.02087
../audio/2024-09-27-13-53-40_small.wav,       4.50,   0.03135
../audio/2024-09-27-13-53-41_small.wav,       5.50,    0.0378
../audio/2024-09-27-13-53-42_small.wav,       6.50,   0.04589
../audio/2024-09-27-13-53-43_small.wav,       7.50,   0.05023
../audio/2024-09-27-13-53-49_small.wav,       8.00,   0.05016
../audio/2024-09-27-13-53-50_small.wav,       8.50,   0.06001
../audio/2024-09-27-13-54-31_small.wav,       0.50,   0.01086
../audio/2024-09-27-13-54-35_small.wav,       1.00,  0.008655
../audio/2024-09-27-13-54-36_small.wav,       2.00,   0.01577
../audio/2024-09-27-13-54-37_small.wav,       3.00,   0.02113
../audio/2024-09-27-13-54-39_small.wav,       5.00,    0.0383
../audio/2024-09-27-13-54-40_small.wav,       6.50,    0.0483
../audio/2024-09-27-13-54-41_small.wav,       7.50,   0.05479
../audio/2024-09-27-13-54-42_small.wav,       8.50,   0.06231
../audio/2024-09-27-13-54-43_small.wav,       9.50,   0.06628
../audio/2024-09-27-13-54-44_small.wav,      10.50,    0.1003
../audio/2024-09-27-13-54-45_large.wav,      10.50,   0.07241
../audio/2024-09-27-13-54-46_small.wav,       2.00,   0.01609
../audio/2024-09-27-13-54-47_small.wav,       3.00,   0.02452
../audio/2024-09-27-13-54-48_small.wav,       4.00,   0.03053
../audio/2024-09-27-13-54-49_small.wav,       5.00,   0.03221
../audio/2024-09-27-13-54-50_small.wav,       6.00,   0.04469
../audio/2024-09-27-13-54-51_small.wav,       7.00,   0.05033
../audio/2024-09-27-13-54-57_small.wav,      12.50,   0.09666
../audio/2024-09-27-13-54-58_large.wav,      12.50,   0.09254
../audio/2024-09-27-13-54-59_small.wav,       2.00,   0.01573
../audio/2024-09-27-13-55-00_small.wav,       3.00,   0.02657
../audio/2024-09-27-13-55-01_small.wav,       4.00,   0.02912
../audio/2024-09-27-13-55-02_small.wav,       5.00,   0.03527
../audio/2024-09-27-13-55-03_small.wav,       6.00,   0.04948
../audio/2024-09-27-13-55-04_small.wav,       7.00,   0.04971
